Nome;Idade (dias);PRs;Releases;Última Atualização (dias);Linguagem;Fechamento de Issues (%)
freeCodeCamp;3721;24431;0;0;TypeScript;99
free-programming-books;4160;6787;0;0;HTML;97
awesome;3887;662;0;0;N/A;97
build-your-own-x;2489;140;0;0;Markdown;74
public-apis;3269;1872;0;0;Python;92
coding-interview-university;3191;415;0;0;N/A;90
developer-roadmap;2909;3344;1;0;TypeScript;94
system-design-primer;2926;199;0;0;Python;27
996.ICU;2168;1068;0;0;N/A;
awesome-python;3901;543;0;0;Python;
react;4300;11386;103;0;JavaScript;94
project-based-learning;2881;182;0;0;N/A;41
awesome-selfhosted;3562;2393;1;0;N/A;100
vue;4234;1136;249;0;TypeScript;96
Python;3151;2916;0;0;Python;96
javascript-algorithms;2535;302;0;0;JavaScript;64
linux;4928;10;0;0;C;
tensorflow;3403;29558;214;0;C++;98
You-Dont-Know-JS;4124;367;0;0;N/A;91
CS-Notes;2574;374;0;0;N/A;75
ohmyzsh;5665;3289;0;0;Shell;97
computer-science;3956;284;0;0;N/A;98
AutoGPT;717;2609;42;0;Python;95
bootstrap;4965;8845;89;0;JavaScript;98
flutter;3649;41079;7;0;Dart;87
vscode;3468;31601;156;0;TypeScript;95
gitignore;5228;1575;0;0;N/A;
Python-100-Days;2558;13;0;0;Jupyter Notebook;17
the-book-of-secret-knowledge;2444;122;0;0;N/A;
the-art-of-command-line;3574;317;0;0;N/A;54
stable-diffusion-webui;923;1872;27;0;Python;70
JavaGuide;2491;1147;0;0;Java;94
javascript;4504;811;0;0;JavaScript;93
transformers;2316;14667;180;0;Python;94
awesome-go;3892;3399;0;0;Go;99
youtube-dl;5236;1640;341;0;Python;86
ollama;615;2052;116;0;Go;77
next.js;3070;21091;1000;0;JavaScript;89
fucking-algorithm;1838;238;1;0;Markdown;100
go;3848;1;0;0;Go;86
Microsoft-Activation-Scripts;1876;6;19;0;Batchfile;100
30-seconds-of-code;2650;821;11;0;JavaScript;100
tech-interview-handbook;3162;466;0;0;TypeScript;65
awesome-chatgpt-prompts;818;158;0;0;HTML;
react-native;3705;886;375;0;C++;98
scrcpy;2658;109;44;0;C;58
electron;4342;21637;1000;0;C++;96
PowerToys;2132;5103;109;0;C#;81
kubernetes;3922;60807;722;0;Go;96
free-programming-books-zh_CN;4136;282;3;0;N/A;
d3;5270;491;194;0;Shell;100
node;3749;9810;430;0;JavaScript;91
hello-algo;849;906;9;0;Java;93
axios;3849;940;89;0;JavaScript;88
three.js;5458;13742;166;0;JavaScript;97
create-react-app;3150;1949;83;0;JavaScript;78
yt-dlp;1588;2541;104;0;Python;83
TypeScript;3911;14558;208;0;TypeScript;87
langchain;867;13264;811;0;Jupyter Notebook;96
deno;2483;12412;313;0;Rust;84
nodebestpractices;2725;765;0;0;Dockerfile;87
rust;5373;61532;135;0;Rust;82
HelloGitHub;3224;17;52;0;Python;93
terminal;2760;4040;128;0;C++;88
angular;3818;3703;410;0;TypeScript;95
material-ui;3849;19929;525;0;TypeScript;92
godot;4075;36307;58;0;C++;79
ant-design;3600;15024;691;0;TypeScript;96
excalidraw;1886;3565;13;0;TypeScript;57
clean-code-javascript;3019;149;0;0;JavaScript;70
free-for-dev;3637;2650;0;0;HTML;
papers-we-love;4095;434;0;0;Shell;100
frp;3359;654;101;0;Go;98
java-design-patterns;3858;1459;0;0;Java;87
iptv;2300;6502;0;0;JavaScript;97
DeepSeek-V3;66;17;0;0;Python;77
thefuck;3616;481;17;0;Python;63
tauri;2059;4831;1000;0;Rust;82
puppeteer;2854;5150;496;0;TypeScript;96
Awesome-Hacking;3259;34;0;0;N/A;
vue-element-admin;2876;311;49;0;Vue;66
pytorch;3123;6001;58;0;Python;70
neovim;4048;14699;41;0;Vim Script;87
every-programmer-should-know;2747;99;0;0;N/A;43
tailwindcss;2704;2764;269;0;TypeScript;98
storybook;3271;10798;1000;0;TypeScript;84
Web-Dev-For-Beginners;1573;498;0;0;JavaScript;81
DeepSeek-R1;41;7;0;0;N/A;39
rustdesk;1616;3342;28;0;Rust;98
nvm;5435;725;68;0;Shell;87
django;4691;9543;0;0;Python;
app-ideas;2197;149;0;0;N/A;25
bitcoin;5187;14933;54;0;C++;95
ui;788;499;37;0;TypeScript;71
svelte;3024;5494;396;0;JavaScript;90
fastapi;2276;2578;203;0;Python;98
NextChat;723;875;76;0;TypeScript;83
animate.css;4890;315;22;0;CSS;96
realworld;3292;433;0;0;TypeScript;92
opencv;4609;12736;65;0;C++;77
gin;3912;1046;26;0;Go;72
open-webui;513;1764;94;0;JavaScript;
awesome-mac;3150;949;10;0;JavaScript;75
laravel;5016;1610;184;0;Blade;
mall;2524;1;3;0;Java;97
hugo;4259;2797;316;0;Go;94
FiraCode;3764;136;29;0;Clojure;70
supabase;1968;11235;19;0;TypeScript;93
models;3313;2337;48;0;Python;85
whisper;898;110;12;0;Python;
advanced-java;2339;86;1;0;Java;97
core;4184;70140;1000;0;Python;95
bun;1418;4789;180;0;Zig;63
spring-boot;4517;42;300;0;Java;99
mermaid;3774;2272;142;0;TypeScript;64
dify;690;5063;120;0;TypeScript;94
v2rayN;2042;198;236;0;C#;100
LeetCodeAnimation;2278;63;0;0;Java;69
llama.cpp;723;4146;1000;0;C++;92
manim;3633;625;13;0;Python;63
Font-Awesome;4762;209;59;0;JavaScript;79
json-server;4113;121;38;0;JavaScript;47
netdata;4276;10027;108;0;C;98
awesome-interview-questions;3382;176;0;0;N/A;56
gpt4all;706;937;38;0;C++;69
awesome-vue;3422;3544;0;0;N/A;85
awesome-for-beginners;3417;432;0;0;N/A;97
elasticsearch;5501;73993;172;0;Java;89
github-readme-stats;1697;1227;0;0;JavaScript;86
generative-ai-for-beginners;622;318;0;0;Jupyter Notebook;97
funNLP;2385;14;0;0;Python;61
ML-For-Beginners;1460;371;0;0;HTML;98
vite;1776;5125;529;0;TypeScript;94
code-server;2195;1517;174;0;TypeScript;96
stable-diffusion;935;5;0;0;Jupyter Notebook;27
playwright;1934;14105;141;0;TypeScript;95
nest;2948;6843;113;0;TypeScript;99
devops-exercises;1977;282;0;0;Python;66
Front-End-Checklist;2694;179;1;0;N/A;100
HowToCook;1828;519;3;0;Dockerfile;44
moby;4426;20752;213;0;Go;86
ComfyUI;775;665;40;0;Python;58
system-design-101;531;21;0;0;N/A;30
flask;5444;1590;35;0;Python;100
screenshot-to-code;474;45;0;0;Python;74
node;760;142;44;0;Shell;76
hoppscotch;2020;1669;64;0;TypeScript;72
reveal.js;5017;405;47;0;JavaScript;69
fzf;4148;565;60;0;Go;92
cs-video-courses;3054;169;0;0;N/A;99
swift;3418;52463;57;0;C++;56
redis;5825;3958;78;0;C;69
syncthing;4114;2610;396;0;Go;93
gpt_academic;713;222;32;0;Python;86
awesome-machine-learning;3883;849;0;0;Python;100
awesome-react;3861;779;0;0;N/A;98
grafana;4099;51278;495;0;TypeScript;90
protobuf;3841;6847;181;0;C++;97
express;5728;411;159;0;JavaScript;97
d2l-zh;2748;1019;16;0;Python;
Best-websites-a-programmer-should-visit;2919;428;0;0;N/A;59
cpython;2942;48625;0;0;Python;90
Chart.js;4368;2985;114;0;JavaScript;94
uptime-kuma;1338;1221;109;0;JavaScript;82
strapi;3441;8769;444;0;TypeScript;91
Ventoy;1818;280;103;0;C;66
webpack;4740;4852;421;0;JavaScript;99
tesseract;3855;1402;33;0;C++;85
33-js-concepts;2371;250;0;0;JavaScript;79
superset;3512;13918;219;0;TypeScript;93
ansible;4744;38729;133;0;Python;98
interviews;2938;42;0;0;Java;43
n8n;2080;8785;296;0;TypeScript;83
gpt4free;704;732;253;0;Python;97
PayloadsAllTheThings;3057;539;4;0;Python;
imgui;3877;386;108;0;C++;85
javascript-questions;2090;328;0;0;N/A;95
the-algorithm;706;2;0;0;Scala;73
sherlock;2260;639;1;0;Python;93
keras;3627;3944;73;0;Python;98
obs-studio;4170;4996;214;0;C;87
sway;1503;3291;162;0;Rust;74
resume.github.com;5138;84;0;0;JavaScript;54
awesome-public-datasets;3755;188;1;0;N/A;41
tabby;2991;1476;195;0;TypeScript;61
awesome-cpp;3881;774;0;0;N/A;40
openai-cookbook;1087;673;0;0;MDX;94
caddy;3701;2041;123;0;Go;97
echarts;4351;1354;118;0;TypeScript;89
socket.io;5470;435;75;0;TypeScript;95
nocode;2581;1;1;0;Dockerfile;15
scikit-learn;5311;12919;45;0;Python;86
SecLists;4760;660;27;0;PHP;99
redux;3565;1708;78;0;TypeScript;98
AppFlowy;1355;3505;98;0;Dart;73
Java;3151;1850;0;0;Java;100
Apollo-11;3986;341;0;0;Assembly;85
cs-self-learning;1229;270;4;0;HTML;52
awesome-scalability;2622;36;0;0;N/A;
atom;4790;3937;538;0;JavaScript;94
lodash;4712;581;2;0;JavaScript;98
architect-awesome;2522;49;0;0;N/A;31
design-resources-for-developers;1761;939;0;0;N/A;100
Front-end-Developer-Interview-Questions;4770;484;0;0;Nunjucks;81
markdown-here;4676;25;14;0;JavaScript;51
awesome-nodejs;3887;414;0;0;N/A;98
jquery;5812;789;10;0;JavaScript;97
immich;1123;5591;235;0;TypeScript;91
awesome-courses;3760;194;0;0;N/A;49
new-pac;3266;0;0;0;Python;75
annotated_deep_learning_paper_implementations;1650;102;0;0;Python;78
angular.js;5534;789;0;0;JavaScript;96
shadowsocks-windows;4430;290;55;0;C#;94
docusaurus;2812;5351;149;0;TypeScript;91
open-interpreter;597;367;48;0;Python;79
localsend;807;654;24;0;Dart;50
act;2251;1012;83;0;Go;84
localstack;3050;5736;89;0;Python;95
alacritty;3300;1860;101;0;Rust;95
fuel-core;1648;1390;113;0;Rust;85
llama;747;54;0;0;Python;61
prometheus;4481;7140;328;0;Go;91
spring-framework;5198;851;324;0;Java;99
lazygit;2479;1504;160;0;Go;65
html5-boilerplate;5516;773;34;0;JavaScript;100
lobe-chat;651;1843;1000;0;TypeScript;83
rustlings;3456;905;45;0;Rust;95
nerd-fonts;3740;521;37;0;CSS;98
rails;6169;24722;145;0;Ruby;97
nuxt;3049;6212;234;0;TypeScript;95
gatsby;3573;18147;149;0;JavaScript;99
DeepLearning-500-questions;2440;302;0;0;JavaScript;42
private-gpt;670;226;10;0;Python;80
you-get;4577;582;123;0;Python;
leetcode;2529;257;40;0;JavaScript;96
ghidra;2193;496;42;0;Java;72
zed;1471;11194;736;0;Rust;75
awesome-flutter;2856;444;0;0;Dart;
scrapy;5487;2257;39;0;Python;86
awesome-chatgpt-prompts-zh;811;33;0;0;N/A;60
leetcode-master;1905;2291;0;0;Shell;26
face_recognition;2921;94;2;0;Python;44
element;3102;3231;145;0;Vue;86
react-router;3943;2755;294;0;TypeScript;97
tldr;4102;12959;5;0;Markdown;87
Prompt-Engineering-Guide;807;302;0;0;MDX;34
git;6066;3;0;0;C;
ChatGPT;816;123;34;0;Rust;31
Real-Time-Voice-Cloning;2107;48;0;0;Python;82
traefik;3458;4501;461;0;Go;90
faceswap;2630;357;4;0;Python;97
gpt-engineer;673;351;20;0;Python;96
weekly;2332;93;0;0;N/A;16
Stirling-PDF;765;1540;115;0;Java;82
normalize.css;5051;56;0;0;CSS;90
drawio-desktop;2838;20;151;0;JavaScript;95
openpilot;3020;10923;55;0;Python;96
yolov5;1749;2178;10;0;Python;98
requests;5131;1567;12;0;Python;95
mkcert;2442;52;14;0;Go;70
nocodb;2681;4454;163;0;TypeScript;84
hackingtool;1786;55;0;0;Python;87
awesome-android-ui;3721;90;0;0;N/A;85
ionic-framework;4212;6047;889;0;TypeScript;98
bat;2507;1390;41;0;Rust;79
project-layout;2731;91;0;0;Makefile;40
Magisk;3097;1540;143;0;C++;99
material-design-icons;3798;48;16;0;N/A;77
Semantic-UI;4346;357;154;0;JavaScript;84
rich;1939;806;168;0;Python;85
anime;3276;72;15;0;JavaScript;71
ripgrep;3278;511;72;0;Rust;93
pi-hole;3920;1990;111;0;Shell;99
zustand;2154;746;92;0;TypeScript;100
guava;3930;835;48;0;Java;82
minio;3700;9763;511;0;Go;100
grok-1;350;5;0;0;Python;64
kotlin;4766;2064;248;0;Kotlin;
uBlock;3623;247;273;0;JavaScript;100
langflow;753;3419;250;0;Python;84
prettier;3015;8492;123;0;JavaScript;82
pdf.js;5059;7806;70;0;JavaScript;96
Docker-OSX;1732;105;0;0;Shell;42
github-cheat-sheet;3977;129;0;0;N/A;69
dive;2485;141;26;0;Go;50
jekyll;5977;3178;112;0;Ruby;98
bulma;3326;638;21;0;CSS;88
meilisearch;2505;1936;242;0;Rust;92
astro;1448;6859;1000;0;TypeScript;97
DefinitelyTyped;4531;51090;1;0;TypeScript;93
clash-verge-rev;467;160;43;0;TypeScript;93
segment-anything;710;16;0;0;Jupyter Notebook;25
rclone;4004;2011;108;0;Go;83
core;2455;2971;238;0;TypeScript;88
awesome-rust;3881;1481;0;0;Rust;93
trackerslist;3234;1;0;0;N/A;98
chinese-poetry;3103;135;1;0;JavaScript;44
marktext;2667;939;36;0;JavaScript;57
MetaGPT;611;653;21;0;Python;94
etcd;4257;9219;245;0;Go;96
Ghost;4320;12309;847;0;JavaScript;99
OpenHands;354;3514;44;0;Python;90
go-ethereum;4084;7800;209;0;Go;98
awesome-ios;3888;2233;0;0;Swift;100
cypress;3651;6656;359;0;TypeScript;91
powerlevel10k;2198;167;33;0;Shell;97
FFmpeg;5071;16;0;0;C;
moment;5115;714;0;1;JavaScript;94
RxJava;4436;3296;235;0;Java;100
hacker-scripts;3389;63;0;0;JavaScript;60
joplin;2967;3848;370;0;TypeScript;93
mastodon;3296;16629;266;0;Ruby;67
hiring-without-whiteboards;2909;1297;0;0;JavaScript;
dayjs;2518;695;119;0;JavaScript;49
appwrite;2155;3338;104;0;TypeScript;85
professional-programming;3403;38;0;0;Python;100
gitea;3043;17018;205;0;Go;82
starship;2161;2788;134;0;Rust;72
llm-course;624;1;0;0;Jupyter Notebook;37
ImHex;1573;595;79;0;C++;84
algorithm-visualizer;3214;183;0;0;JavaScript;67
first-contributions;3085;79917;0;0;N/A;97
big-list-of-naughty-strings;3494;90;0;0;Python;32
PaddleOCR;1759;2601;16;0;Python;100
awesome-wechat-weapp;3083;277;0;0;N/A;
Motrix;2266;192;21;0;JavaScript;44
alist;1530;783;124;0;Go;91
PowerShell;3336;7317;181;0;C#;92
serverless;3603;4721;432;0;JavaScript;82
100-Days-Of-ML-Code;2432;6;0;0;N/A;
julia;5064;24980;171;0;Julia;84
okhttp;4605;3519;0;0;Kotlin;96
AFFiNE;945;6526;434;0;TypeScript;85
design-patterns-for-humans;2936;50;0;0;N/A;90
react;2465;370;0;0;JavaScript;98
learn-regex;2780;124;0;0;N/A;41
Projects;4259;19;0;0;N/A;45
v2ray-core;3467;203;247;0;Go;100
x64dbg;3613;699;2;0;C++;77
gogs;4036;1739;82;0;Go;82
huginn;4375;1042;1;0;Ruby;73
30-Days-Of-Python;1930;55;0;0;Python;59
architecture-samples;3313;231;0;0;Kotlin;72
quill;4598;379;95;0;TypeScript;88
pandas;5304;26520;109;0;Python;87
pixijs;4423;3571;284;0;TypeScript;93
json;4259;811;44;0;C++;98
meteor;4791;2405;0;0;JavaScript;97
jest;4101;5595;203;0;TypeScript;97
type-challenges;1683;574;0;0;TypeScript;10
AdminLTE;4085;1539;75;0;Astro;95
Deep-Live-Cam;525;69;4;0;Python;98
terraform;4007;12226;350;0;Go;91
open-source-ios-apps;3688;1250;37;0;N/A;100
pocketbase;971;49;196;0;Go;99
30-Days-Of-JavaScript;1896;98;0;0;JavaScript;35
query;2000;2459;1000;0;TypeScript;97
PythonDataScienceHandbook;3126;28;0;0;Jupyter Notebook;39
fuels-ts;1276;1867;143;0;TypeScript;94
fuels-rs;1218;860;110;0;Rust;87
htmx;1784;873;24;0;JavaScript;63
hyper;3166;3291;88;0;TypeScript;76
awesome-react-components;3173;324;0;0;N/A;86
parcel;2764;2578;39;0;JavaScript;91
zx;1397;380;79;0;JavaScript;98
TensorFlow-Examples;3399;88;0;0;Jupyter Notebook;30
Fooocus;571;447;21;0;Python;87
build-web-application-with-golang;4595;757;0;0;Go;60
babel;3808;6068;426;0;TypeScript;93
discourse;4433;27516;0;0;Ruby;
CppCoreGuidelines;3483;807;4;0;CSS;79
retrofit;5291;1056;2;0;HTML;95
frontend-dev-bookmarks;4271;129;1;0;N/A;77
jadx;4367;525;30;0;Java;77
open-source-mac-os-apps;2676;523;0;0;N/A;77
awesome-java;3889;691;0;0;N/A;99
text-generation-webui;802;1076;58;0;Python;95
LLaMA-Factory;644;405;32;0;Python;95
brew;3283;12126;412;0;Ruby;98
react-use;2318;1520;256;0;TypeScript;42
lazydocker;2115;186;42;0;Go;54
lx-music-desktop;2027;78;109;0;TypeScript;59
react-hook-form;2189;2000;564;0;TypeScript;99
grpc;3737;19611;338;0;C++;94
kubernetes-the-hard-way;3160;71;0;0;N/A;71
front-end-interview-handbook;2605;310;0;0;MDX;87
vaultwarden;2570;914;69;0;Rust;100
Leaflet;5275;3014;31;0;JavaScript;92
Rocket.Chat;3575;13594;1000;0;TypeScript;84
git-flight-rules;3876;224;0;1;N/A;75
dbeaver;3420;5560;219;0;Java;85
pm2;4303;550;124;0;JavaScript;81
maybe;426;866;26;0;Ruby;95
uv;517;5831;158;0;Rust;77
ragflow;446;2338;22;0;TypeScript;56
awesome-cheatsheets;2670;169;0;0;JavaScript;62
Alamofire;3867;650;102;0;Swift;99
JeecgBoot;2288;88;54;0;Java;99
edex-ui;2955;399;29;0;JavaScript;99
monaco-editor;3190;463;91;0;JavaScript;83
GPT-SoVITS;413;286;2;0;Python;54
yarn;3330;1654;152;0;JavaScript;72
awesome-design-patterns;2463;31;0;0;N/A;33
acme.sh;3354;1377;44;0;Shell;68
prisma;2082;5777;209;0;TypeScript;80
LLMs-from-scratch;588;287;0;0;Jupyter Notebook;100
FreeDomain;276;0;0;0;HTML;
reactjs-interview-questions;2467;158;0;0;JavaScript;94
what-happens-when;4133;108;0;0;N/A;18
vue2-elm;2991;21;0;0;Vue;82
metabase;3681;28425;622;0;Clojure;83
ChatGLM-6B;720;49;0;0;Python;57
python-patterns;4652;265;0;0;Python;87
pyenv;4566;937;120;0;Roff;97
odoo;3946;6179;0;0;Python;83
dubbo;4639;5594;107;0;Java;89
styled-components;3120;953;172;0;TypeScript;90
spark;4023;7;0;0;Scala;
swiper;4736;592;81;0;JavaScript;97
autogen;562;2109;75;0;Python;81
nw.js;4806;575;0;0;JavaScript;87
ColossalAI;1221;3623;48;0;Python;75
uni-app;2425;323;0;0;JavaScript;78
diagrams;1855;306;43;0;Python;41
CPlusPlusThings;2058;72;0;0;C++;96
vuetify;3093;4082;578;0;TypeScript;96
stablediffusion;830;18;0;0;Python;24
kong;3758;6395;144;0;Lua;99
ailearning;2927;478;2;0;Python;98
sentry;5298;63043;145;0;Python;85
hexo;4543;932;114;0;TypeScript;98
fastlane;3743;6212;548;0;Ruby;95
vllm;752;4803;50;0;Python;80
black;2545;1541;46;0;Python;87
nvm-windows;3816;107;23;0;Go;92
nanoGPT;795;45;0;0;Python;32
anything-llm;637;869;11;0;JavaScript;90
cobra;4198;609;24;0;Go;82
iina;2995;776;44;0;Swift;57
llama_index;851;6130;362;0;Python;89
termux-app;3418;160;91;0;Java;87
markitdown;109;89;4;0;HTML;24
ClickHouse;3195;44828;628;0;C++;83
fanqiang;3700;3;3;0;Kotlin;59
tldraw;1393;2866;59;0;TypeScript;82
cheat.sh;2856;124;0;0;Python;52
airflow;3611;24748;93;0;Python;90
materialize;3824;449;41;0;JavaScript;88
tabler;2586;602;48;0;MDX;96
Deep-Learning-Papers-Reading-Roadmap;3061;28;0;0;Python;9
v2rayNG;2118;407;227;0;Kotlin;100
bert;2320;32;0;0;Python;31
php-src;5008;3733;7;0;C;80
chinese-independent-developer;2719;268;0;0;N/A;99
chakra-ui;2024;2661;1000;0;TypeScript;100
esbuild;3183;235;292;0;Go;87
wrk;4730;0;0;0;C;65
video.js;5406;1793;328;0;JavaScript;90
cli;1977;2397;156;0;Go;85
50projects50days;1567;44;0;0;CSS;
Made-With-ML;2309;147;0;0;Jupyter Notebook;78
bevy;1870;4993;36;0;Rust;67
whisper.cpp;889;633;24;0;C++;47
mitmproxy;5493;2537;72;0;Python;91
TTS;1747;467;98;0;Python;99
typst;1986;1559;21;0;Rust;76
tidb;3465;31556;206;0;Go;81
English-level-up-tips;2833;26;0;0;HTML;73
FastChat;715;850;14;0;Python;57
zju-icicles;3169;222;0;0;HTML;87
styleguide;3574;177;0;0;HTML;69
coolify;1497;1437;592;0;PHP;83
streamlit;2018;4693;92;0;Python;80
MPAndroidChart;3964;190;44;0;Java;58
expo;3121;15849;0;0;TypeScript;97
EasySpider;1688;40;10;0;JavaScript;73
impress.js;4813;121;15;0;JavaScript;89
zig;3496;8564;18;0;Zig;75
WeChatMsg;781;62;33;0;Python;86
awesome-compose;1844;149;0;0;HTML;33
gorm;4146;730;2;0;Go;93
phaser;4342;1704;164;0;JavaScript;98
vim;3484;438;0;0;Vim Script;83
jellyfin;2275;4481;85;0;C#;94
TrafficMonitor;2772;56;26;0;C++;38
memos;1180;1628;75;0;Go;99
quivr;660;1799;354;0;Python;98
free;1729;0;0;0;N/A;27
ultralytics;903;2865;156;0;Python;95
Open-Assistant;810;1616;127;0;Python;86
preact;3460;1812;223;0;JavaScript;96
freecodecamp.cn;3075;55;0;0;CSS;76
leveldb;3840;64;21;0;C++;69
DeepSpeed;1865;2576;87;0;Python;66
jsoncrack.com;1127;83;20;0;TypeScript;86
bark;695;19;0;0;Jupyter Notebook;51
tutorials;4325;13014;0;0;Java;97
curl;5463;190;87;0;C;100
shellcheck;4488;286;29;0;Haskell;61
awesome-remote-job;3712;582;0;0;N/A;97
python-cheatsheet;2593;14;0;0;Python;92
aria2;5209;252;24;0;C++;44
ant-design-pro;2746;972;26;0;TypeScript;98
freqtrade;2846;5556;95;0;Python;99
pure-bash-bible;2454;28;0;0;Shell;43
interview_internal_reference;2092;35;0;0;Python;39
tmux;3560;1;37;0;C;99
penpot;3351;3632;46;0;Clojure;76
OpenBB;1533;4027;42;0;Python;98
photoprism;2591;708;74;0;Go;80
istio;3026;27327;374;0;Go;98
gradio;2265;4315;1000;0;Python;91
GFPGAN;1444;14;8;0;Python;27
Summer2025-Internships;1744;1668;0;0;N/A;100
novu;1284;5137;40;0;TypeScript;85
GitHubDaily;2254;3;0;0;N/A;35
JavaFamily;1937;2;0;0;N/A;95
ruff;936;9028;350;0;Rust;80
Files;2249;5141;123;0;C#;95
AI-For-Beginners;1460;167;0;0;Jupyter Notebook;81
trpc;1688;3559;200;0;TypeScript;91
aspnetcore;4009;16937;244;0;C#;90
taro;2520;3281;186;0;TypeScript;88
v;2214;11677;247;0;V;90
manifesto;567;764;0;0;HTML;50
deeplearningbook-chinese;3007;16;7;0;TeX;68
helix;1735;3911;28;0;Rust;86
pandoc;5461;1640;143;0;Haskell;87
tesseract.js;3539;190;55;0;JavaScript;95
wtfpython;2743;110;2;0;Python;71
arthas;2377;529;58;0;Java;82
wtfjs;2788;124;25;0;JavaScript;83
og-aws;3154;498;0;0;Shell;38
DragGAN;654;18;0;0;Python;24
MockingBird;1303;81;1;0;Python;46
lerna;3376;979;240;0;TypeScript;86
zod;1821;538;92;0;TypeScript;77
appsmith;1706;13323;267;0;TypeScript;82
devdocs;4147;851;0;0;Ruby;85
Pake;870;95;31;0;Rust;90
fd;2854;612;40;0;Rust;88
insomnia;3235;3062;498;0;JavaScript;82
ray;3050;24686;101;0;Python;81
Flowise;702;1078;64;0;TypeScript;73
daisyui;1555;360;55;0;Svelte;99
spotube;1477;231;37;0;Dart;62
interview;2578;35;0;0;C++;62
googletest;3505;810;10;0;C++;87
shadowsocks-android;4459;256;185;0;Kotlin;98
gym;3231;999;19;0;Python;94
hello-algorithm;1738;26;0;0;Java;73
RSSHub;2526;10163;0;0;TypeScript;94
sheetjs;4472;106;0;0;N/A;95
fullPage.js;4181;315;101;0;JavaScript;97
date-fns;3800;1068;122;0;TypeScript;69
upscayl;946;86;29;0;TypeScript;94
koa;4243;502;3;0;JavaScript;98
chatgpt-on-wechat;938;245;61;0;Python;85
lottie-android;3069;702;55;0;Java;99
logseq;1745;2987;147;0;Clojure;82
fiber;1872;1572;124;0;Go;94
slidev;1408;654;381;0;TypeScript;92
nativefier;3528;261;99;0;TypeScript;79
Awesome-Design-Tools;2210;283;0;0;JavaScript;61
955.WLB;2167;18;0;0;N/A;31
lapce;2581;1159;31;0;Rust;60
google-research;2341;29;0;0;Jupyter Notebook;26
awesome-react-native;3629;912;0;0;JavaScript;48
hackathon-starter;4127;326;16;0;JavaScript;99
typeorm;3289;2028;32;0;TypeScript;71
metasploit-framework;4933;10949;0;0;Ruby;93
carbon;2816;669;215;0;JavaScript;92
cli;4754;406;47;0;Python;81
ccxt;2849;12558;140;0;Python;91
ToolJet;1433;5579;284;0;JavaScript;86
halo;2538;2415;208;0;Java;92
compose;4101;3287;247;0;Go;99
glide;4255;544;47;0;Java;88
ChatTTS;279;210;5;0;Python;90
browser-use;122;275;37;0;Python;35
the-way-to-go_ZH_CN;4361;592;0;0;Go;
system-design;930;11;0;0;N/A;95
vim-plug;4191;176;8;0;Vim Script;93
TaskMatrix;731;21;0;0;Python;38
HanLP;3797;79;62;0;Python;99
node-v0.x-archive;5758;218;0;1;N/A;100
cal.com;1441;9000;394;0;TypeScript;87
caffe;4189;1087;14;0;C++;81
formik;2818;829;196;0;TypeScript;69
clipboard.js;3453;117;42;0;JavaScript;98
nushell;2123;7344;104;0;Rust;76
awesome-javascript;3897;388;0;0;N/A;96
12306;2846;31;1;0;Python;67
marked;4970;1492;146;0;TypeScript;99
spacedrive;1252;1880;25;0;TypeScript;78
gold-miner;3406;3563;0;0;N/A;100
REKCARC-TSC-UHT;2158;160;0;0;HTML;97
union;656;1971;76;0;Rust;86
node;293;29;3;0;Shell;62
netty;5227;3954;0;0;Java;91
Langchain-Chatchat;702;616;31;0;TypeScript;95
awesome-shell;3891;307;0;0;N/A;39
docs;299;283;0;0;MDX;48
jieba;4537;96;9;0;Python;27
react-beautiful-dnd;2762;530;68;0;JavaScript;65
ink-kit;118;86;0;0;TypeScript;67
shadowsocks;4699;70;2;0;Python;
AndroidUtilCode;3137;88;117;0;Java;81
sqlmap;4632;169;10;0;Python;99
spring-boot-demo;2669;15;0;0;Java;43
LeetCode-Go;2785;178;4;0;Go;80
faiss;2945;137;18;0;C++;91
AFNetworking;5024;710;40;1;Objective-C;
windows;413;337;85;0;Shell;97
pytorch-image-models;2220;439;65;0;Python;95
framework;4434;15994;804;0;PHP;100
brackets;4834;4332;69;0;JavaScript;73
XX-Net;3699;362;388;0;Python;41
husky;3905;262;80;0;JavaScript;94
easyexcel;2581;190;14;0;Java;87
leetcode;2359;3702;21;0;Java;96
fastify;3077;2948;290;0;JavaScript;97
zxing;4890;317;31;0;Java;99
gulp;4259;405;23;1;JavaScript;99
solid;2504;371;35;0;TypeScript;90
NewPipe;3468;1608;135;0;Java;87
Coursera-ML-AndrewNg-Notes;2675;13;0;0;HTML;22
unsloth;459;300;11;0;Python;46
AgentGPT;695;539;12;0;TypeScript;73
immutable-js;3896;539;85;0;TypeScript;92
JavaScript;2789;795;0;0;JavaScript;97
payload;1517;4908;487;0;TypeScript;92
linux-command;3032;347;30;0;Markdown;64
milvus;1994;21214;109;0;Go;95
ijkplayer;4290;35;0;0;C;47
legado;2111;1079;115;0;Kotlin;97
plane;834;4981;40;0;TypeScript;63
poetry;2559;2271;139;0;Python;92
carbon-lang;1770;3609;238;0;C++;81
ShadowsocksX-NG;3187;64;30;0;Swift;77
Python;4841;1636;0;0;Python;32
chatbox;727;53;47;0;TypeScript;70
engineering-blogs;3550;681;0;0;Ruby;77
siyuan;1645;406;746;0;TypeScript;98
harness;4041;1043;51;0;Go;96
cline;239;183;50;0;TypeScript;60
gpt-pilot;564;395;0;0;Python;55
awesome-awesomeness;3890;197;0;0;Ruby;76
zsh-autosuggestions;4145;114;0;0;Shell;75
material-design-lite;3700;655;14;0;HTML;83
portainer;3209;4777;138;0;TypeScript;91
polars;1754;10411;204;0;Rust;78
LLM101n;280;0;0;0;N/A;
HEU_KMS_Activator;2079;0;40;0;N/A;15
crawl4ai;297;48;0;0;Python;87
How-To-Ask-Questions-The-Smart-Way;3627;98;0;0;JavaScript;74
shardeum;320;190;0;0;TypeScript;64
certbot;3763;3885;57;0;Python;97
openpose;2869;174;15;0;C++;84
run;1057;172;0;0;N/A;84
beego;4750;1310;39;0;Go;100
chatgpt-web;752;159;43;0;Vue;100
vault;3659;19975;157;0;Go;83
my-tv;454;11;72;0;C;85
mattermost;3548;18074;718;0;TypeScript;93
swc;2627;5093;633;0;Rust;90
selenium;4430;2580;102;0;Java;99
modern-unix;1510;15;0;0;N/A;37
AnotherRedisDesktopManager;2245;149;53;0;JavaScript;88
android-open-project;4074;204;0;0;N/A;87
RevokeMsgPatcher;2051;10;20;0;C#;91
ControlNet;760;5;0;0;Python;24
bruno;887;930;124;0;JavaScript;54
jax;2320;12214;119;0;Python;75
awesome-docker;3815;929;1;0;N/A;98
graphql-engine;2449;2110;281;0;TypeScript;64
awesome-php;4114;445;0;0;N/A;99
detectron2;2005;0;10;0;Python;87
nps;2310;74;59;0;Go;59
ladybird;276;2678;0;0;C++;51
C-Plus-Plus;3151;667;0;0;C++;97
jq;4610;578;13;0;C;84
yew;2633;1744;35;0;Rust;90
serenity;2282;19193;0;0;C++;83
llvm-project;3007;38789;124;0;LLVM;69
OpenVoice;459;17;0;0;Python;20
learnGitBranching;4584;589;0;0;JavaScript;92
swr;1952;781;118;0;TypeScript;86
vimrc;4660;107;0;0;Vim Script;99
fairseq;2742;233;16;0;Python;72
rxjs;3640;2588;2;0;TypeScript;93
remote-jobs;3428;1250;0;0;JavaScript;89
spaCy;3895;3581;127;0;Python;97
html2canvas;4978;186;45;0;TypeScript;64
HowToLiveLonger;1051;13;0;0;N/A;80
ShareX;4163;744;80;0;C#;91
MS-DOS;2442;37;0;0;Assembly;
aseprite;3848;353;116;0;C++;59
jQuery-File-Upload;5205;119;0;1;PHP;99
lottie-web;3663;136;0;0;JavaScript;74
nacos;2452;2951;76;0;Java;97
Blog;2911;3;0;0;N/A;30
pnpm;3321;2454;987;0;TypeScript;62
pytorch-tutorial;2914;28;0;0;Python;63
remix;1588;3372;156;0;TypeScript;89
outline;3206;2678;141;0;TypeScript;97
LocalAI;715;3107;69;0;Go;57
floating-ui;3260;1117;468;0;TypeScript;98
etcher;3414;1727;285;0;TypeScript;79
full-stack-fastapi-template;2199;377;10;0;TypeScript;61
WxJava;3343;988;30;0;Java;98
dotfiles;4927;44;0;0;Shell;63
p3c;2809;62;0;0;Kotlin;81
winutil;1039;767;17;0;PowerShell;89
cockroach;4043;63264;0;0;Go;92
echo;3654;586;108;0;Go;96
libpku;2292;22;0;0;TeX;76
v2ray-core;2148;867;101;0;Go;96
CyberChef;3016;476;447;0;JavaScript;59
slate;3179;1878;186;0;TypeScript;79
YesPlayMusic;1605;283;31;0;Vue;67
rufus;4852;1;81;0;C;100
mmdetection;2384;2359;53;0;Python;80
spring-boot-examples;3039;7;0;0;Java;92
lede;2734;1985;6;0;C;92
linux-insides;3711;577;0;0;Python;82
NeteaseCloudMusicApi;3175;292;0;0;N/A;89
chatbot-ui;722;281;0;0;TypeScript;84
manim;1748;1833;29;0;Python;74
tabby;717;2693;194;0;Rust;80
awesome-cto;2998;12;0;0;N/A;82
Sortable;4091;246;30;0;JavaScript;75
calculator;2225;883;0;0;C++;66
qBittorrent;4775;3732;0;0;C++;83
symfony;5536;23466;539;0;PHP;98
refine;1502;4313;1000;0;TypeScript;98
HEAD;3238;86;0;0;N/A;78
bulletproof-react;1372;69;0;0;TypeScript;71
layui;3449;534;136;0;JavaScript;96
Umi-OCR;1070;45;30;0;Python;73
go-zero;1668;2177;127;0;Go;88
dokku;4285;3930;294;0;Shell;98
minikube;3243;8419;150;0;Go;95
sharp;4213;289;88;0;JavaScript;97
webtorrent;4156;934;210;0;JavaScript;96
interactive-coding-challenges;3596;176;0;0;Python;47
jsPDF;5565;713;34;0;JavaScript;95
mpv;4523;3290;86;0;C;92
Real-ESRGAN;1322;21;10;0;Python;24
stanford_alpaca;723;6;0;0;Python;37
lossless-cut;3045;192;99;0;TypeScript;88
Reactive-Resume;1803;633;95;0;TypeScript;85
bubbletea;1878;574;56;0;Go;80
sequelize;5337;4848;484;0;TypeScript;92
vue-cli;3354;1258;177;1;JavaScript;83
foundation-sites;4889;2958;79;0;HTML;99
fabric.js;5380;2223;165;0;JavaScript;93
fabric;424;268;102;0;Go;70
editor.js;3382;860;100;0;TypeScript;61
stats;2104;402;285;0;Swift;99
AI-Expert-Roadmap;1590;13;0;0;JavaScript;71
influxdb;4175;10281;87;0;Rust;85
leakcanary;3595;919;43;0;Kotlin;94
hutool;3976;424;149;0;Java;100
servo;4771;18635;0;0;Rust;76
kafka;4948;10752;0;0;Java;
uppy;3394;2966;133;0;TypeScript;94
netron;5180;1;4;0;JavaScript;98
project-guidelines;2802;114;0;1;JavaScript;76
react-boilerplate;3665;715;16;0;JavaScript;96
phantomjs;5179;562;0;0;C++;100
comprehensive-rust;802;2040;0;0;Rust;67
OpenAPI-Specification;4017;1263;12;0;Markdown;93
backstage;1864;17757;407;0;TypeScript;95
500lines;4136;175;0;1;JavaScript;56
directus;4463;7762;329;0;TypeScript;95
Mr.-Ranedeer-AI-Tutor;702;19;3;0;N/A;72
roop;644;82;6;0;Python;
ruoyi-vue-pro;1498;55;34;0;Java;98
tqdm;3560;287;131;0;Python;58
particles.js;3830;21;6;0;JavaScript;26
apollo;3285;1421;41;0;Java;96
GPTs;477;45;0;0;N/A;78
Hover;4077;23;10;1;SCSS;78
awesome-macos-command-line;3449;104;0;0;N/A;
standard;3687;412;7;0;JavaScript;91
paper-reading;1227;14;0;0;N/A;
es6features;4017;41;0;1;N/A;63
rocksdb;4475;606;200;0;C++;79
algo;3213;530;2;0;Jinja;89
data-engineering-zoomcamp;1228;380;0;0;Jupyter Notebook;99
alpine;1921;655;136;0;HTML;100
awesome-python-cn;3407;51;0;0;Makefile;58
MonitorControl;2724;213;26;0;Swift;99
cheerio;4893;2620;58;0;TypeScript;98
COVID-19;1853;2152;0;0;N/A;55
pytorch-lightning;2163;8833;163;0;Python;88
folly;4657;12;229;0;C++;77
tiptap;2386;1031;850;0;TypeScript;83
puter;364;476;8;0;JavaScript;71
CheatSheetSeries;2263;1000;0;0;Python;91
weekly;2904;136;193;0;JavaScript;99
swift-algorithm-club;3323;610;0;0;Swift;85
numpy;5284;12415;125;0;Python;85
Data-Science-For-Beginners;1460;293;0;0;Jupyter Notebook;81
k3s;2467;3748;834;0;Go;98
django-rest-framework;5114;2978;19;0;Python;
composer;5016;2898;210;0;PHP;99
canal;4431;463;32;0;Java;76
docsify;3024;692;14;0;JavaScript;89
croc;2693;228;172;0;Go;99
css-protips;3473;70;0;0;N/A;98
surrealdb;1179;1831;66;0;Rust;65
mediapipe;2089;201;59;0;C++;93
cobalt;968;201;0;0;Svelte;82
lux;2563;296;86;0;Go;52
CasaOS;1253;267;96;0;Go;58
k9s;2228;742;233;0;Go;71
server;3195;25946;309;0;PHP;89
lighthouse;3281;5325;117;0;JavaScript;94
todomvc;5021;760;6;0;JavaScript;84
consul;4136;13524;199;0;Go;78
fish-shell;4679;2010;46;0;Rust;94
Hello-Python;942;0;0;0;Python;90
python-guide;5101;683;0;0;Batchfile;65
postcss;4177;745;265;0;TypeScript;98
SpringAll;2496;1;0;0;Java;56
slick;3996;249;48;0;JavaScript;66
linkedin-skill-assessments-quizzes;2059;5638;1;0;N/A;91
react-spring;2552;429;50;0;TypeScript;92
handson-ml2;2245;64;0;0;Jupyter Notebook;58
vuex;3517;656;51;0;JavaScript;92
aider;663;188;81;0;Python;81
Free-Certifications;1675;115;0;0;N/A;70
llama3;352;24;0;0;Python;42
machine-learning-for-software-engineers;3066;60;0;0;N/A;35
xxl-job;3382;109;36;0;Java;79
plyr;3669;384;88;0;JavaScript;58
android_guides;4274;10;0;0;N/A;58
Clone-Wars;1551;130;0;0;N/A;86
UTM;2151;249;118;0;Swift;73
react-three-fiber;2197;634;119;0;TypeScript;95
spring-cloud-alibaba;2648;1063;47;0;Java;90
async;5388;554;7;2;JavaScript;99
trilium;2840;250;297;0;JavaScript;75
tinygrad;1596;6176;11;0;Python;86
JavaScript30;3007;153;0;0;HTML;
the-super-tiny-compiler;3278;20;0;0;JavaScript;
DevToys;1250;498;38;0;C#;74
immer;2620;374;109;0;JavaScript;95
cursor;722;46;0;0;N/A;43
backbone;5267;880;0;0;JavaScript;98
druid;4868;1453;51;0;Java;51
tuning_playbook;774;14;0;0;N/A;79
ChatGPT;820;294;277;0;Python;99
Complete-Python-3-Bootcamp;2575;12;0;0;Jupyter Notebook;62
tokio;3096;3447;126;0;Rust;88
filebrowser;3460;526;62;0;Go;97
stb;3934;285;0;0;C;81
nginxconfig.io;2613;191;0;0;JavaScript;77
xyflow;2057;1254;297;0;TypeScript;95
data-science-ipython-notebooks;3691;31;0;0;Python;54
GPT_API_free;679;1;0;0;Python;82
viper;3987;487;32;0;Go;54
reverse-interview;2002;75;0;0;N/A;72
mantine;1515;1370;253;0;TypeScript;99
os-tutorial;3807;11;0;0;C;59
medusa;1870;6646;114;0;TypeScript;96
xstate;3457;1910;401;0;TypeScript;93
glances;4837;711;49;0;Python;91
react-select;3841;1051;59;0;TypeScript;90
jan;563;1998;73;0;TypeScript;94
restic;3962;2127;47;0;Go;86
applied-ml;1702;208;0;0;N/A;92
diffusers;1007;4371;81;0;Python;91
waifu2x;3577;68;3;0;Lua;58
Charts;3635;418;38;0;Swift;79
mobx;3641;1143;112;0;TypeScript;97
DeepFaceLive;1538;13;35;0;Python;99
ink;2820;214;54;0;TypeScript;82
90DaysOfDevOps;1162;357;2;0;Shell;90
vnpy;3653;1043;62;0;Python;100
firecrawl;321;464;12;0;TypeScript;80
ghostty;1069;2037;1;0;Zig;92
CLIP;1537;28;0;0;Jupyter Notebook;46
vhr;2614;1;0;0;Java;38
gitbook;3989;760;25;0;TypeScript;98
crewAI;492;593;76;0;Python;91
hosts;4707;476;732;0;Python;96
textual;1424;2024;167;0;Python;92
helm;3435;3869;204;0;Go;95
yapi;3198;141;1;0;JavaScript;38
it-tools;1792;489;10;0;Vue;34
motion;2298;971;0;0;TypeScript;86
Retrieval-based-Voice-Conversion-WebUI;706;477;7;0;Python;72
ResumeSample;3828;2;0;0;N/A;
Daily-Interview-Question;2234;15;0;0;JavaScript;53
python-fire;2931;118;11;0;Python;61
Xray-core;1574;857;78;0;Go;100
underscore;5607;746;0;0;JavaScript;98
Jobs_Applier_AI_Agent_AIHawk;210;185;0;0;Python;96
Python-programming-exercises;4644;0;0;0;N/A;20
dragonfly;1177;2760;91;0;C++;86
TrackersListCollection;1977;5;0;0;N/A;
aos;3524;38;0;0;JavaScript;51
mindsdb;2404;4821;284;0;Python;98
weui;3727;203;51;0;HTML;92
awesome-sysadmin;3722;317;0;0;N/A;87
AdGuardHome;3161;123;195;0;Go;81
Probabilistic-Programming-and-Bayesian-Methods-for-Hackers;4430;243;0;0;Jupyter Notebook;37
dnSpy;3532;53;1;0;C#;
firecracker;2691;2924;75;0;Rust;96
mongoose;5444;3255;178;0;JavaScript;98
JCSprout;2632;69;0;0;Java;66
turborepo;1244;5792;467;0;Rust;93
commander.js;4949;784;82;0;JavaScript;99
Tvlist-awesome-m3u-m3u8;2934;1;0;0;N/A;67
Web;2980;0;0;0;N/A;71
python-telegram-bot;3526;1544;123;0;Python;99
tdesktop;3957;1637;770;0;C++;94
swagger-ui;4979;3212;352;0;JavaScript;79
anoma;1489;720;7;0;Elixir;82
wails;2269;1386;228;0;Go;87
redash;4143;3226;99;0;Python;77
MinerU;367;618;92;0;Python;93
duckdb;2441;7178;46;0;C++;94
codemirror5;5161;594;173;0;JavaScript;90
legacy-homebrew;5765;222;0;0;N/A;100
Avalonia;4105;5108;99;0;C#;79
coder2gwy;1523;2;0;0;N/A;18
vue-vben-admin;1695;1436;54;0;Vue;98
ace;5240;1857;98;0;JavaScript;97
rust-course;2399;749;0;0;Rust;72
headlessui;1628;590;120;0;TypeScript;93
k6;3268;1926;68;0;Go;69
rethinkdb;4506;460;72;0;C++;79
data-engineer-handbook;469;141;0;0;Jupyter Notebook;78
angular-cli;3559;11089;797;0;TypeScript;98
kit;3681;479;13;0;Go;93
taichi;3020;5158;117;0;C++;70
mongo;5890;125;0;0;C++;
openssl;4429;144;274;0;C;84
Faker;4888;823;12;0;PHP;87
gitflow;5520;36;0;0;Shell;35
hangzhou_house_knowledge;2563;6;0;0;CSS;33
fastai;2731;1684;55;0;Jupyter Notebook;88
twenty;822;5157;32;0;TypeScript;97
xgboost;4042;4700;63;0;C++;93
drizzle-orm;1347;567;130;0;TypeScript;58
so-vits-svc;723;153;0;0;Python;84
react-virtualized;3407;454;6;0;JavaScript;100
Rectangle;2081;252;89;0;Swift;86
vagrant;5519;2712;134;0;Ruby;93
cascadia-code;2062;84;20;0;Python;78
vscodium;2393;486;212;0;Shell;91
30-Days-Of-React;1615;10;0;0;JavaScript;23
khoj;1294;446;127;0;Python;87
create-t3-app;1013;1087;135;0;TypeScript;91
kitty;3059;1081;121;0;Python;100
nodemon;5264;308;102;0;JavaScript;100
spleeter;1984;51;2;0;Python;71
srs;3595;465;66;0;C++;86
GoodbyeDPI;2847;24;30;0;C;81
the_silver_searcher;4852;399;0;0;C;49
ChatDev;552;110;9;0;Python;91
quasar;3436;3643;992;0;JavaScript;93
Detectron;2705;0;0;0;Python;67
miaosha;2361;20;0;1;Java;98
nprogress;4212;34;7;0;JavaScript;34
emscripten;5132;11608;0;0;C++;81
cmder;4254;430;34;1;C++;98
ExplorerPatcher;1301;15;287;0;C;90
Signal-Android;4826;238;82;0;Kotlin;97
jumpserver;3894;7038;240;0;Python;99
nginx;3540;57;4;0;C;45
awesome-electron;3601;268;0;0;N/A;95
next-auth;2591;2182;1000;0;TypeScript;93
fastText;3151;12;4;0;HTML;57
lottie-ios;3069;719;69;0;Swift;98
awesome-vscode;3311;243;0;0;JavaScript;52
darknet;3978;10;0;0;C;24
supervision;825;886;31;0;Python;86
DeepSpeech;3195;1338;105;0;C++;94
ItChat;3330;29;13;0;Python;69
hacker-laws;2593;181;1;0;Shell;34
go-patterns;3366;10;0;0;Go;43
select2;4746;713;29;0;JavaScript;98
fonts;4456;75;1;0;Shell;39
table;3055;960;267;0;TypeScript;92
refined-github;3303;3319;167;0;TypeScript;97
llm.c;328;310;0;0;Cuda;46
everyone-can-use-english;2179;456;47;0;TypeScript;86
fyne;2583;1889;49;0;Go;78
setup-ipsec-vpn;3342;44;0;0;Shell;100
awesome-datascience;3893;365;11;0;N/A;97
iced;2057;980;17;0;Rust;74
Telegram;4146;20;95;0;Java;
desktop;340;278;77;0;JavaScript;79
1Panel;957;3002;80;0;Go;86
fastjson;4868;418;84;0;Java;47
